spkid,a,e,i,om,w,ma,epoch,diameter,spec_B
2000001,2.769165149,0.076009027,10.5940672,80.3055309,73.5976947,77.37209752,2458600.5,939.4,C
2000005,2.57403728,0.190913344,5.367427136,141.5710265,358.648418,17.84634261,2459000.5,106.699,S
2000006,2.424532679,0.203218827,14.73965325,138.6434317,239.7362735,190.6864961,2459000.5,185.18,S
2000007,2.387375341,0.230145044,5.521598101,259.5639415,145.2015458,247.4258117,2459000.5,199.83,S
2000010,3.142435384,0.11211732,3.831786066,283.1984443,312.4129317,222.8505434,2459000.5,407.12,C
2000014,2.586377164,0.166249875,9.121448018,86.12399134,97.80167193,259.7957123,2459000.5,152,S
2000015,2.643689742,0.186177698,11.75361935,292.9347981,98.59525006,15.02560935,2459000.5,231.689,S
2000016,2.922775574,0.133531208,3.096559879,150.0406823,229.0268171,7.048521059,2459000.5,226,X
2000018,2.295708701,0.217505332,10.13158957,150.3651823,228.0776863,20.4621022,2459000.5,139.594,S
2000020,2.409358167,0.142493783,0.708566914,206.0132179,257.3509375,222.4603219,2459000.5,135.68,S
2000022,2.910347528,0.098049766,13.70173622,66.0046455,357.2564762,274.6358419,2459000.5,167.536,X
2000023,2.625114956,0.234751726,10.11400359,66.84479952,60.63247371,68.51282982,2459000.5,107.53,S
2000025,2.399561513,0.254895612,21.60666665,214.1202789,90.30961935,278.8823407,2459000.5,61.054,S
2000026,2.655210373,0.089828319,3.562758698,45.77913563,193.5713965,196.7396739,2459000.5,94.8,S
2000027,2.346231774,0.173130991,1.583696605,94.78724747,356.3779246,85.06235425,2459000.5,96,S
2000028,2.776153052,0.151782123,9.429957177,144.2869369,344.0095155,358.7646027,2459000.5,120.9,S
2000029,2.554818381,0.072959119,6.081867523,356.3358682,63.27357027,20.89746563,2459000.5,189.559,S
2000032,2.587221171,0.081634436,5.52163372,220.386723,339.0706078,127.0513077,2459000.5,80.76,S
2000035,2.994191155,0.225308204,7.932409877,353.7187615,213.4265346,291.3024208,2459000.5,103.055,C
2000037,2.642047372,0.175645297,3.070926852,7.258074506,62.77226728,73.39732612,2459000.5,108.35,S
2000039,2.768872125,0.111456916,10.37000922,156.9480144,209.306278,26.96827476,2459000.5,179.484,S
2000040,2.266890393,0.047191653,4.257392093,94.18885908,269.4974413,223.2722019,2459000.5,111.251,S
2000045,2.719269795,0.084164524,6.605580796,147.6001813,87.79616653,126.6509964,2459000.5,202.327,C
2000052,3.094249387,0.110441969,7.478465253,128.6006928,343.366455,309.8657103,2459000.5,303.918,C
2000054,2.71102796,0.197302577,11.79820859,313.2467643,345.05048,106.624266,2459000.5,160.12,C
2000055,2.760437589,0.143246422,7.17940419,10.36964233,5.385958668,86.99154515,2459000.5,84.794,X
2000057,3.154342096,0.112387184,15.20416551,199.1679347,210.6403998,213.7129666,2459000.5,112.59,S
2000060,2.392111751,0.184845741,3.600511108,191.5465315,271.2181068,314.9727984,2459000.5,43.218,S
2000061,2.984005917,0.165023135,18.20999759,333.5718493,12.47044352,348.6174389,2459000.5,85.937,S
2000067,2.421378228,0.185148302,6.02890713,202.4112748,106.8904766,23.27042699,2459000.5,56.309,S
2000069,2.976822652,0.170260304,8.590967393,184.9850105,289.1127747,17.89713811,2459000.5,138.13,X
2000074,2.780263374,0.235849289,4.070703508,197.1434013,174.53822,359.6915811,2459000.5,118.71,C
2000076,3.414264879,0.166010853,2.121333842,204.3009575,252.2670098,346.7613476,2459000.5,145.423,X
2000079,2.444635923,0.189957924,4.61251268,206.5336156,201.5110126,331.5056009,2459000.5,63.479,S
2000080,2.295291517,0.200313448,8.676073494,218.6882237,139.6195216,210.6623847,2459000.5,68.563,S
2000083,2.431964225,0.081298689,4.963774681,27.72641336,168.5949555,333.5711095,2459000.5,110.503,X
2000087,3.482070736,0.093403616,10.87598592,73.04063802,263.5897265,153.4227032,2459000.5,253.051,X
2000090,3.14872561,0.166499514,2.206751713,69.96053962,244.9419894,215.635544,2459000.5,115.974,C
2000093,2.756376884,0.139066233,8.556424092,4.030975592,274.9405843,203.1480034,2459000.5,154.155,C
2000094,3.157818068,0.094273487,7.969380915,2.56535219,60.34317399,19.26394513,2459000.5,204.89,C
2000100,3.089431762,0.169555288,6.431994763,127.1816265,184.3863362,319.3062924,2459000.5,85.734,S
2000101,2.58307759,0.140584456,10.19686014,343.3825181,348.3691219,208.2023467,2459000.5,65.84,S
2000102,2.662333499,0.25110586,5.172851984,210.7978714,147.0245829,341.9682114,2459000.5,82.595,C
2000103,2.702140974,0.079236123,5.418345972,136.079743,188.6794967,83.70336252,2459000.5,83.908,S
2000107,3.49059289,0.065108845,10.0014532,172.5826385,306.397008,27.12007451,2459000.5,210.37,X
2000110,2.733551158,0.081363268,5.962488936,56.86235061,282.5433181,294.8461639,2459000.5,86.09,X
2000113,2.376287876,0.086616809,5.042979091,123.4466582,78.68011431,243.6948707,2459000.5,50.137,S
2000115,2.379083263,0.193192755,11.59420606,308.79612,97.06412515,124.2271711,2459000.5,79.83,S
2000117,2.992997487,0.026769669,14.89920757,348.737096,50.3619326,226.3618939,2459000.5,208.974,X
2000118,2.436901367,0.164625617,7.745332234,47.67843565,33.32877076,53.87046684,2459000.5,40.211,S
2000120,3.118620485,0.052021975,6.963090724,341.1625579,233.9639789,305.5434845,2459000.5,155.132,C
2000123,2.695223627,0.120620359,6.414358259,307.7251494,125.6747998,49.0521924,2459000.5,45.209,S
2000124,2.629926725,0.075516141,2.957464122,187.9747834,62.15469377,306.4612723,2459000.5,88.648,S
2000125,2.743653518,0.077941812,4.664196804,168.9812294,110.0107019,250.8239056,2459000.5,48.418,X
2000128,2.748942608,0.127675206,6.245306452,76.23770453,303.6201527,158.5974897,2459000.5,162.515,C
2000129,2.87035858,0.212593821,12.26692888,135.6670026,111.2466526,21.0557946,2459000.5,113,X
2000133,3.06463429,0.135228451,7.21360214,319.0050434,290.1309255,213.0547859,2459000.5,72.175,S
2000139,2.781680954,0.174553974,10.90937395,1.817387934,165.6082666,357.6701106,2459000.5,151.116,X
2000147,3.135853558,0.023683953,1.93326314,248.2655725,100.5354131,341.2733042,2459000.5,132.93,C
2000148,2.77152632,0.187225391,25.29192479,145.0008441,252.7195672,89.54911029,2459000.5,97.75,S
2000152,3.137731361,0.080976206,12.12400981,39.8997362,59.20472377,301.1638184,2459000.5,58.964,S
2000153,3.979001314,0.140283377,7.824732846,228.131892,39.05005486,224.9811884,2459000.5,170.63,X
2000154,3.195094075,0.076735492,20.97364378,36.72606344,160.4968295,5.655291861,2459000.5,192.611,C
2000158,2.86779122,0.052075146,1.005670747,277.7032749,146.4082096,295.2741264,2459000.5,39.025,S
2000160,2.727277346,0.067037827,3.824128437,8.586249589,52.13551838,91.55738106,2459000.5,81.24,C
2000164,2.631445926,0.34679237,24.47377875,76.81450179,284.0296546,182.5899794,2459000.5,100.254,X
2000170,2.553287575,0.063495466,14.37880499,301.2966475,158.2681804,67.20213577,2459000.5,33.136,S
2000171,3.130117391,0.132047393,2.546747048,100.4767613,55.98165179,261.2654578,2459000.5,130.808,C
2000174,2.861916562,0.141161426,12.12324734,327.6570344,289.5067494,255.2908072,2459000.5,64.849,S
2000178,2.459928702,0.042889554,1.893683301,51.09282917,211.3572265,118.5166705,2459000.5,35.81,S
2000182,2.416075104,0.186482219,2.005421638,107.1839277,310.8437332,27.09470483,2459000.5,39.52,S
2000183,2.79268109,0.349769155,26.38815576,141.9040508,264.0825537,230.8424327,2459000.5,32.927,S
2000184,3.186591877,0.065930397,1.14331972,331.561873,210.3939798,0.914984352,2459000.5,62.483,X
2000185,2.739787276,0.128442895,23.23850035,153.7831716,223.4859815,272.6385173,2459000.5,160.464,C
2000188,2.760638774,0.179397179,11.70492498,240.8944598,70.17071917,287.3670484,2459000.5,35.752,S
2000190,3.986862472,0.166707925,6.176684539,175.4558563,271.1249641,308.8280924,2459000.5,159,X
2000194,2.615586921,0.238044468,18.51108696,159.2675466,162.9949842,8.815509057,2459000.5,161.667,C
2000196,3.114626367,0.015724069,7.262362347,72.32446698,201.1711813,162.1308994,2459000.5,144.626,S
2000197,2.74009534,0.164435958,8.79328442,81.60587701,245.9375043,325.3898839,2459000.5,31.729,S
2000198,2.459257379,0.227136069,9.320996725,268.2593242,89.14691662,128.3155328,2459000.5,54.323,S
2000199,3.165432367,0.18054187,15.48087676,88.58171872,180.3554145,331.3054959,2459000.5,76.129,X
2000201,2.678166941,0.179237272,5.755872364,156.925266,180.7167833,34.34804669,2459000.5,85.877,X
2000206,2.739824262,0.038688355,3.779710735,145.0447153,302.9950153,289.7780975,2459000.5,113,C
2000226,2.71175086,0.204127701,15.97033243,134.9509824,154.1849643,323.7146426,2459000.5,31.494,S
2000228,2.201365941,0.241805748,2.536734751,313.2995742,19.02575738,61.7402911,2459000.5,9.3,S
2000237,2.763688829,0.071096055,9.74740395,84.24528492,200.0895983,192.8220669,2459000.5,41.08,S
2000240,2.664311209,0.207808837,2.105548607,115.0679673,300.9969463,16.70553426,2459000.5,87.928,C
2000243,2.86083847,0.043267735,1.130237426,323.6310807,114.0946605,320.8397578,2459000.5,32,S
2000245,3.096638088,0.196674446,5.178678983,61.06696033,331.5930079,11.51387752,2459000.5,75.949,S
2000258,2.615525377,0.204352753,14.32165004,207.552007,155.6104658,123.3256597,2459000.5,64.78,S
2000259,3.136485513,0.129952875,10.81386047,86.84567201,167.7410334,31.32227627,2459000.5,174.318,X
2000261,2.331614313,0.088704615,3.635932931,96.63003008,65.89685451,63.33967731,2459000.5,50.011,X
2000263,2.887140514,0.077856711,1.320276255,216.1611682,162.6676443,99.64024929,2459000.5,23.952,S
2000264,2.796299736,0.137192938,10.42563426,49.59539241,340.4786267,190.2711845,2459000.5,62.969,S
2000272,2.776974315,0.028145753,4.432579146,37.31718498,69.10159726,240.8571252,2459000.5,26.87,X
2000275,2.770432443,0.163671273,4.764003113,134.0449059,39.63094342,240.6568534,2459000.5,103,C
2000278,2.755516879,0.131552685,7.817049483,61.99442164,139.8181109,346.0971949,2459000.5,32.773,S
2000279,4.272880797,0.042519756,2.334382766,71.92000131,24.48354088,235.0558011,2459000.5,126.59,X
2000281,2.188326504,0.13212887,5.302023171,31.39514836,16.53612877,228.5942817,2459000.5,11.036,S
2000288,2.759536926,0.205756105,4.338300034,120.1036944,84.71138726,117.0974677,2459000.5,28.981,S
2000295,2.79737885,0.170221706,2.708384095,276.0345795,147.949553,202.091226,2459000.5,28.34,S
2000301,2.724428337,0.067115437,4.898072659,142.2981272,124.1437084,64.07818585,2459000.5,53.042,C
2000306,2.358243602,0.150755404,7.277364732,141.8605936,167.8835136,110.231902,2459000.5,47.2,S
2000310,2.764561122,0.114200399,3.169927599,229.240678,325.2893886,77.81325227,2459000.5,33.708,S
2000321,2.885722257,0.046792445,2.586854696,40.21613348,35.95306488,43.92163343,2459000.5,27.974,S
2000322,2.783240406,0.245653219,8.051712851,252.3675078,114.7307565,280.8036282,2459000.5,69.855,X
2000331,3.024877383,0.096131826,6.036705896,21.8630439,333.4094993,350.3552067,2459000.5,74.92,C
2000337,2.384928078,0.136224724,7.851797888,355.4117411,98.80605109,184.5421286,2459000.5,64.549,X
2000346,2.795981715,0.102139722,8.752209111,91.94078283,291.9503542,123.9037655,2459000.5,86.447,S
2000348,2.968083509,0.070605068,9.758933764,89.914278,13.86472878,291.0188205,2459000.5,82.82,X
2000353,2.734790206,0.32763968,5.70829771,102.4707385,321.3444385,90.74073452,2459000.5,14.025,S
2000355,2.53995288,0.105327921,4.282542924,351.7063728,106.2758943,191.5557539,2459000.5,24.04,S
2000359,2.727602269,0.157570266,6.771667734,6.054414556,338.2396416,270.5639904,2459000.5,43.89,X
2000360,3.009027381,0.173953167,11.73544263,132.198208,289.2135084,254.0673721,2459000.5,129.125,C
2000363,2.747801368,0.071286723,5.946382532,64.74200592,296.1712498,136.0699696,2459000.5,97,X
2000365,2.800826918,0.157362436,12.79307039,185.1839828,216.0941746,168.399085,2459000.5,86.773,C
2000371,2.725365166,0.064148857,7.402947271,283.3910571,342.0744298,91.16266704,2459000.5,52.976,S
2000374,2.780539604,0.079455427,8.992091495,219.0080403,25.49430715,232.6866827,2459000.5,44.67,S
2000378,2.775401757,0.130439099,7.006245124,232.4421144,157.4466356,150.6071007,2459000.5,27.831,S
2000379,3.140297892,0.179785009,1.670187171,171.8857545,180.4852218,13.25445866,2459000.5,84.787,C
2000384,2.650610181,0.148367795,5.590453728,47.82970491,34.7571579,133.2085829,2459000.5,34.435,S
2000386,2.897345177,0.168619743,20.21825765,166.6463318,220.6353452,345.3181675,2459000.5,165.01,C
2000388,3.003805931,0.06579769,6.446007395,354.2607783,332.4107552,276.5920911,2459000.5,125.754,C
2000389,2.608274853,0.066950132,8.121861059,282.2846639,264.9053071,316.5713176,2459000.5,74.378,S
2000391,2.319649561,0.305685877,23.20358812,212.8644871,147.0248032,211.09554,2459000.5,15.751,S
2000394,2.763464872,0.227053644,6.21912035,66.89962408,271.1849211,171.14744,2459000.5,29.97,S
2000398,2.739253883,0.223312399,9.555256715,279.8269228,160.318872,256.8768005,2459000.5,49.771,C
2000399,3.050143281,0.075933007,13.11385849,346.1966916,193.401947,154.6077989,2459000.5,39.566,X
2000403,2.809602536,0.098047764,9.158356188,244.3608693,254.7905815,284.0151178,2459000.5,53.574,S
2000412,2.763154119,0.042466512,13.76897913,106.4424852,91.74241743,301.5222921,2459000.5,96.056,C
2000413,2.585408907,0.341261202,18.72703918,103.7146704,252.825558,55.39130631,2459000.5,34.242,X
2000423,3.067415488,0.035679363,11.24374022,69.37738533,199.0381775,135.3047934,2459000.5,175.859,C
2000425,2.88595912,0.059382808,4.047289213,61.06024194,121.6288588,346.6641871,2459000.5,67.925,C
2000432,2.369575811,0.146545496,12.12113866,88.74934388,174.0768194,22.70289206,2459000.5,46.9,S
2000433,1.458045729,0.222951265,10.83054122,304.2993259,178.8822959,271.0717326,2459000.5,16.84,S
2000444,2.771920583,0.175119673,10.26998396,195.6551338,154.4573207,311.8302841,2459000.5,159.331,C
2000453,2.183506254,0.109083236,5.54979168,11.70410619,220.7296417,26.15201456,2459000.5,23.985,S
2000456,2.788380845,0.178745822,14.43747941,229.197095,6.918789437,297.6538609,2459000.5,37.713,S
2000462,2.87168345,0.088294458,3.192706786,105.2764339,251.0849067,224.5120013,2459000.5,34.274,S
2000464,2.800610257,0.205589622,10.16995864,102.3665953,258.1893598,253.4250779,2459000.5,77.056,C
2000470,2.4046411,0.093868865,7.227152359,173.2251785,47.39630893,328.9467618,2459000.5,27.75,S
2000471,2.889114677,0.228373496,15.01635159,83.80697739,315.546317,325.7627009,2459000.5,148.128,S
2000476,2.650244596,0.07265951,10.92696956,286.3417336,1.092174706,236.2661636,2459000.5,138.493,X
2000477,2.414998593,0.188076193,5.288435268,10.65623324,322.6760817,231.449006,2459000.5,22.988,S
2000479,2.719316567,0.218934343,8.683299259,136.025387,269.6887103,149.135453,2459000.5,60.088,C
2000484,2.667814305,0.058388542,12.51408561,127.2563012,191.0022032,301.9654763,2459000.5,30.06,S
2000485,2.748129898,0.192308472,13.86684036,193.4290976,272.2994736,61.00599228,2459000.5,63.88,S
2000491,3.189203943,0.087160155,18.86449859,175.4086135,232.766052,178.3536546,2459000.5,91.176,C
2000496,2.198797025,0.079645242,3.791198833,207.5914693,258.9005774,330.1473512,2459000.5,14.403,S
2000504,2.722605363,0.215072115,12.89823302,104.4755063,248.2442908,49.95027151,2459000.5,30.438,X
2000507,3.154810023,0.100668573,9.498372786,293.430191,100.5042073,75.83188358,2459000.5,45.17,X
2000509,3.063024811,0.09575689,15.40874689,217.5260477,157.4303703,147.6627148,2459000.5,51.892,S
2000511,3.164757233,0.188146517,15.93904425,107.5953487,337.3575872,44.08407529,2459000.5,270.327,C
2000512,2.189676224,0.254017189,8.747939439,107.0286483,249.1877137,335.3433909,2459000.5,23.09,S
2000516,2.680938167,0.27188701,12.95920011,328.8015537,258.1911111,340.3112814,2459000.5,65.144,X
2000519,2.790712047,0.182930943,11.01184241,44.71353108,302.5729054,39.65188531,2459000.5,40.078,S
2000523,2.965350283,0.178529042,4.313127486,260.6192909,189.9836969,300.9720141,2459000.5,31.89,X
2000532,2.774642776,0.175779807,16.31595089,107.5298655,76.50307391,69.38906965,2459000.5,167.791,S
2000533,2.979388287,0.044982389,6.555667139,180.3159967,32.76876724,201.495213,2459000.5,30.819,S
2000551,2.973817879,0.119719462,0.39573115,5.659764482,69.11632824,215.7208894,2459000.5,81.113,C
2000553,2.231661399,0.109320826,5.386851464,72.36316087,354.6174619,244.9752718,2459000.5,9.01,S
2000556,2.46385564,0.104049176,5.246560125,286.0407889,178.041728,297.1111049,2459000.5,36.279,S
2000571,2.40902308,0.243846424,5.22786688,3.176684282,27.51955388,214.2971372,2459000.5,11.696,S
2000572,2.401678295,0.15671296,10.57275423,194.496838,191.87803,284.0891993,2459000.5,28.903,C
2000597,2.672113415,0.145172188,12.79975517,36.52578087,307.1840015,293.8654679,2459000.5,36.06,S
2000598,2.761175815,0.250179202,12.22807861,91.52553732,292.1149237,104.2627746,2459000.5,78.237,X
2000600,2.65876181,0.055979129,10.20434198,139.2222484,113.0829224,107.2100613,2459000.5,25.115,S
2000601,3.135253685,0.103919823,16.14426466,169.5465305,160.1722922,153.666412,2459000.5,75.535,C
2000614,2.69661252,0.109131788,7.018146578,217.2286645,208.8891573,219.2345912,2459000.5,29.191,C
2000622,2.414217176,0.243322922,8.637950941,141.9098907,257.1246664,100.930804,2459000.5,21.874,S
2000627,2.901180947,0.058336581,6.473159851,142.4619588,177.2516521,157.9096269,2459000.5,38.018,X
2000629,3.140940205,0.156722811,9.246180634,86.49281397,37.16835168,178.2445075,2459000.5,35.087,X
2000631,2.794883453,0.082502148,18.89295021,224.6291409,279.1190231,151.9807972,2459000.5,50.491,S
2000633,3.019680753,0.083741087,10.90178494,147.2763302,190.1067857,116.167778,2459000.5,33.387,S
2000634,3.047986603,0.181306551,12.29360115,133.2020724,220.5912612,355.7929491,2459000.5,74.017,X
2000670,2.803599529,0.193541949,7.533248111,174.6498315,194.8996469,268.2842341,2459000.5,35.886,S
2000673,2.814191519,0.010553222,2.877372053,226.7091786,234.5515246,133.0044177,2459000.5,37.622,S
2000674,2.921607664,0.195264875,13.50948984,58.13259462,41.77979352,64.0139554,2459000.5,96.171,S
2000675,2.769385667,0.203873887,9.804322111,263.027143,152.7091493,38.02333497,2459000.5,76,S
2000678,2.573117107,0.219444117,6.094397039,281.1163955,121.234068,47.06602644,2459000.5,39.585,X
2000687,2.7206813,0.272684687,14.88013987,334.3395927,52.74842155,208.3114637,2459000.5,21.533,X
2000688,2.697521298,0.139308486,10.24447232,170.8366259,138.9689537,20.62117502,2459000.5,41.614,C
2000705,2.922146205,0.050257204,25.01889527,2.792087389,102.6721079,263.535663,2459000.5,132.261,C
2000712,2.5749787,0.186648217,12.76279994,230.8201308,181.4288841,193.1867015,2459000.5,124.125,X
2000713,3.397445067,0.155404676,10.34409501,217.4852849,138.1406254,352.9521741,2459000.5,97.968,C
2000715,2.768570365,0.083122845,13.81771839,46.07596851,301.034139,130.6946484,2459000.5,25.458,X
2000716,2.811955787,0.086696967,8.487220281,145.8854709,56.81084057,136.2077412,2459000.5,19.768,S
2000718,3.05767999,0.19884927,6.926489541,38.53232073,174.5477378,263.1501274,2459000.5,70.911,X
2000719,2.638602064,0.546558465,11.56748478,183.86695,156.1763377,140.2734218,2459000.5,0,S
2000723,2.992486222,0.054967754,4.990094691,163.1858921,250.4762019,333.3633421,2459000.5,23.456,C
2000737,2.590517386,0.245211474,12.36667475,184.6319525,134.1222749,356.1459423,2459000.5,47.804,S
2000739,2.737100181,0.143729038,20.66121533,136.5538113,45.19269815,221.7563544,2459000.5,104.517,X
2000741,2.719819252,0.070238912,8.413907018,100.7078956,61.77621642,317.1550875,2459000.5,29.64,X
2000747,3.000180775,0.339055216,18.21762093,129.1028619,277.4032252,322.5560524,2459000.5,171.71,C
2000749,2.243703761,0.172882106,5.394571694,109.7575059,128.9746298,289.1401915,2459000.5,11.065,S
2000759,2.618542037,0.205431031,19.90484672,318.3482615,0.924478546,79.52285471,2459000.5,52.926,X
2000771,2.654815309,0.246704376,14.88591096,217.9773889,228.1627615,226.7475233,2459000.5,29.322,X
2000779,2.663909574,0.227799421,14.58218411,283.7370685,49.12553685,301.4965913,2459000.5,80.572,X
2000783,2.342855656,0.229727879,9.341045711,142.086417,154.7004726,136.9447934,2459000.5,38.719,C
2000784,3.09563232,0.242329563,12.28367519,14.91747227,238.0127321,97.35388761,2459000.5,75.596,C
2000789,2.686494866,0.148244947,10.77702235,232.6067823,43.80773277,18.94404704,2459000.5,22.483,X
2000792,2.62199929,0.131468292,8.62516345,265.0704345,227.5506159,280.1005383,2459000.5,61.804,X
2000793,2.797132578,0.125064664,15.77674209,36.02665568,308.2264809,304.4460324,2459000.5,26.636,S
2000795,2.748891906,0.102399877,19.05114078,17.37674328,190.1758316,206.6319874,2459000.5,85.263,C
2000796,2.63420471,0.320340951,19.05130797,33.18614855,329.5386779,263.8619048,2459000.5,43.58,X
2000797,2.535384584,0.060631458,4.512537671,238.3276068,354.7027943,211.4693147,2459000.5,21.197,S
2000804,2.837754565,0.140594798,15.39704496,347.5854566,344.6692092,206.0575445,2459000.5,137.952,C
2000814,3.155849864,0.306546603,21.82196278,88.78630493,296.5278043,247.2609711,2459000.5,102.229,C
2000819,2.19763696,0.141792861,4.896317494,333.1180616,306.4437068,246.51714,2459000.5,8.917,S
2000825,2.225717316,0.07545223,3.39984591,101.4059041,111.4957532,112.9092178,2459000.5,13.423,S
2000826,2.711850923,0.206000504,7.10477722,230.2171273,36.69665168,51.96219414,2459000.5,22.556,C
2000844,3.204016372,0.069339977,8.776041402,348.6882203,353.1982036,92.23355055,2459000.5,42.154,X
2000845,2.938135548,0.070024908,12.60957303,43.14381635,294.6228302,265.753718,2459000.5,52.677,C
2000847,2.781324071,0.095905689,2.481918253,270.9190407,129.7904801,145.9649283,2459000.5,24.931,S
2000856,2.434759834,0.11941336,14.32771367,125.5392993,72.99858196,137.7179132,2459000.5,45.449,C
2000860,2.79683291,0.106765465,13.2989122,309.3504649,21.72174566,182.5879948,2459000.5,34.561,X
2000862,2.80384124,0.082269163,13.88716765,300.0100977,120.9656134,53.87149463,2459000.5,27.033,S
2000866,3.123848616,0.052267362,8.661590722,91.06018552,263.2010412,34.54366616,2459000.5,78.061,X
2000870,2.322231469,0.265130592,6.192799243,120.7974729,196.8938256,343.8687975,2459000.5,13.683,S
2000872,2.731607453,0.078626684,7.374348391,194.7209187,18.01493796,313.3121787,2459000.5,34.431,X
2000886,3.170136176,0.270408566,16.86413247,58.88651176,302.1629278,101.7637081,2459000.5,86.793,C
2000905,2.216519508,0.152952354,5.322344771,37.14261595,343.0813795,298.8883398,2459000.5,12.07,S
2000912,3.138495728,0.176443594,18.27408157,33.73139235,90.18024437,169.5862813,2459000.5,82.675,C
2000919,2.772058173,0.083414404,8.165688893,229.8325044,156.0244664,14.86124038,2459000.5,33.5,C
2000924,2.938334721,0.152993351,8.987185201,150.1940257,219.9607531,355.9239368,2459000.5,85.49,X
2000925,2.699517707,0.080370711,21.10117341,299.5279124,201.9983267,201.450859,2459000.5,57.505,S
2000929,2.238986761,0.113052532,3.912828889,231.3822956,22.99021513,249.249447,2459000.5,11.443,S
2000941,2.782634537,0.196519973,6.625794574,52.3086666,334.9317223,159.4402713,2459000.5,18.217,X
2000951,2.20923778,0.173849911,4.106989772,253.0523345,129.9205875,172.9363571,2459000.5,12.2,S
2000961,2.693760329,0.091059453,10.99143024,26.61593329,285.275288,181.9071743,2459000.5,36.571,X
2000970,2.559813852,0.271655568,5.033092874,310.7736429,95.56423976,17.50148301,2459000.5,9.204,S
2000971,2.639826064,0.162585713,13.79240232,83.49478061,6.572350039,315.8853854,2459000.5,60.867,C
2000985,2.299643407,0.276987821,4.057656172,290.2939683,59.53518979,15.60568361,2459000.5,0,S
2000994,2.528965919,0.11657631,15.41188991,2.347783246,342.4278469,254.326187,2459000.5,20.786,S
2001016,2.218965821,0.128396386,6.034771446,8.839215563,53.21517175,114.2704761,2459000.5,9.539,S
2001017,2.605761274,0.078298846,7.928033924,118.9409617,68.1454865,292.8364982,2459000.5,40.152,C
2001020,2.789254053,0.04380139,4.059243348,180.6874888,36.77339959,188.4098027,2459000.5,10.067,S
2001022,2.805194775,0.174275562,21.05732506,111.9584803,124.7756758,178.3547658,2459000.5,34.297,X
2001032,3.12733897,0.14244048,9.484140557,76.313024,188.9273335,100.119709,2459000.5,65.658,X
2001034,2.292346518,0.263444566,3.972150255,304.4865927,18.87534114,226.9010127,2459000.5,7.919,S
2001036,2.664724624,0.533046118,26.67764119,215.5468279,132.3646325,4.817744335,2459000.5,37.675,S
2001039,2.67948709,0.060889459,4.553012446,221.6722356,327.0325795,146.3200202,2459000.5,33.853,X
2001041,3.072713884,0.144463629,13.93461616,60.00410902,344.1348922,26.4820721,2459000.5,60.571,C
2001045,2.3579173,0.159792121,0.264816253,267.6860538,166.8182461,117.8588417,2459000.5,6.104,S
2001052,2.235907989,0.143702509,4.697104086,99.57616239,297.8825069,113.9190452,2459000.5,9.785,S
2001055,2.198442157,0.207936521,5.277889859,147.122489,176.5511064,71.83882479,2459000.5,13.479,S
2001056,2.23025184,0.177938909,5.427866692,104.1379998,212.4665434,162.1596381,2459000.5,11.869,S
2001058,2.196140485,0.187453063,3.692441005,221.7321624,94.33655343,31.91245617,2459000.5,10.92,S
2001065,2.360529471,0.297360058,8.363335161,330.3230629,353.6264467,310.543249,2459000.5,0,S
2001069,3.128008781,0.109785598,13.56050766,142.3682483,31.56842506,254.9347329,2459000.5,35.657,S
2001076,2.473380881,0.146174378,3.320606477,143.6058073,304.6048341,323.3473261,2459000.5,22.298,C
2001088,2.201414742,0.195741587,7.651833104,54.48646725,319.6639108,142.4137483,2459000.5,15.137,S
2001102,3.069790516,0.110777788,15.82532509,216.5834918,117.2617565,90.39100325,2459000.5,36.632,S
2001106,2.596927185,0.126017231,13.06358731,328.2469534,230.2067665,260.0251984,2459000.5,12.14,S
2001110,2.217997066,0.241504859,5.856052111,241.7409806,78.59859159,284.4004224,2459000.5,12.306,S
2001128,2.786699482,0.044889407,1.012599321,59.43183457,233.8521843,100.498996,2459000.5,41.851,C
2001131,2.228866131,0.285740367,3.229923251,100.6759577,248.0601539,101.3724394,2459000.5,0,S
2001134,2.676529419,0.469738279,15.31985858,5.770188685,332.8838635,230.2323458,2459000.5,0,S
2001139,1.947174959,0.255851018,13.08602085,213.3362142,206.716333,113.3261634,2459000.5,0,S
2001140,2.77471183,0.111222509,14.12335276,72.13000465,309.6578037,278.2973376,2459000.5,29.179,S
2001147,2.271341167,0.231732974,3.881515274,265.1950894,15.7956022,199.1552253,2459000.5,13.43,S
2001176,2.691531276,0.143460164,6.646419351,272.2296671,156.0345198,88.34839623,2459000.5,17.489,C
2001181,2.665401825,0.194980017,5.60123868,260.7019362,156.0474309,219.5645988,2459000.5,20.492,X
2001185,2.238582277,0.104959376,5.698978918,71.89880683,2.013792516,215.3214633,2459000.5,8.347,S
2001187,2.640406438,0.222744119,10.69726232,327.1649597,74.95619731,52.04004436,2459000.5,32.348,X
2001188,2.190247357,0.18075251,4.81676068,5.438545388,7.025225685,238.9464289,2459000.5,12.67,S
2001196,2.653605434,0.179471887,17.66717124,100.7578483,262.6279647,111.646239,2459000.5,25.274,X
2001204,2.263126193,0.293652321,1.879165943,7.543945219,313.6615497,39.80956466,2459000.5,0,S
2001212,3.949185103,0.190365978,7.59196634,149.5616817,348.2586961,48.32375193,2459000.5,76.387,X
2001222,2.793079043,0.250154532,19.59049625,245.7881603,59.95006868,284.2485072,2459000.5,25.781,X
2001228,2.768924157,0.041735946,3.280504095,307.9032393,208.7208777,299.8311348,2459000.5,14.685,S
2001248,2.721057146,0.016559666,9.138465344,79.37820254,344.5969998,122.0256667,2459000.5,28.468,S
2001251,2.717387262,0.157614177,6.04992572,140.6285587,217.1328483,276.4782871,2459000.5,13.239,X
2001252,2.695036034,0.207231861,33.83614374,140.8999911,63.57913247,226.2915893,2459000.5,19.037,S
2001262,3.003128965,0.004595342,13.13123187,124.2716467,155.972612,166.9191144,2459000.5,71.011,C
2001264,2.864889911,0.155468146,24.95490921,235.0420566,31.75733675,315.2092975,2459000.5,66.04,C
2001271,3.13875446,0.120303074,6.683354617,126.8428678,271.8135489,335.3859464,2459000.5,47.524,C
2001278,2.405011421,0.262840197,10.85562873,90.28723816,238.5118235,71.24224787,2459000.5,19.361,S
2001294,2.687592379,0.233165081,8.725633808,81.13835287,313.0209444,240.3070716,2459000.5,37.199,C
2001301,2.766385241,0.270148338,34.0366151,161.5085004,302.1801244,310.8263,2459000.5,21.438,C
2001304,3.198447739,0.118348882,18.99201255,86.58545125,148.6005161,19.27110699,2459000.5,43.613,X
2001327,2.781800101,0.160668765,5.818620419,57.76224639,269.9850079,176.6083938,2459000.5,22.318,X
2001329,2.617284604,0.172708715,14.46893264,132.0046918,164.8663763,110.9203461,2459000.5,19.467,S
2001336,2.85212704,0.065437293,3.197342476,97.42078118,218.8123132,323.291384,2459000.5,21.441,S
2001343,2.569148773,0.113422159,6.034298648,41.24436741,234.2994053,166.7129464,2459000.5,23.793,C
2001352,2.780647736,0.065010903,3.755090366,186.0718598,211.3563576,247.8212844,2459000.5,19.979,X
2001385,2.740438216,0.107492277,6.922104508,114.9357974,260.5781708,147.5801873,2459000.5,19.526,S
2001407,2.763661186,0.282919736,5.820187915,268.3666647,111.2483527,85.75913822,2459000.5,20.31,X
2001420,2.748652361,0.076670434,3.485515291,260.8993761,74.18444515,191.5959752,2459000.5,20.524,X
2001423,2.860757503,0.080196271,2.906716875,58.46447228,321.6362269,95.07700855,2459000.5,19.58,S
2001424,3.187906235,0.056682969,9.162418191,42.91367537,302.813617,7.725376411,2459000.5,64.691,X
2001427,2.749395945,0.211208974,9.345385314,78.4362662,241.4796868,22.1926382,2459000.5,35.406,C
2001433,2.800059055,0.169292937,8.240013786,321.4712397,94.02499177,230.035411,2459000.5,12.687,S
2001458,2.627437548,0.179728833,12.53720577,181.634175,100.104725,210.0735911,2459000.5,17.19,S
2001480,2.202131538,0.108894047,4.861755216,63.67435129,64.7533927,85.23080709,2459000.5,6.385,S
2001508,2.77208601,0.41779414,28.67739063,13.99092667,93.23566484,207.3843597,2459000.5,0,C
2001510,2.670606138,0.148827429,11.82542206,331.3718755,165.2210414,242.3737077,2459000.5,24.507,C
2001517,2.717231356,0.045168746,5.272985716,63.86242942,229.8783234,21.14505083,2459000.5,39.524,X
2001520,3.108434873,0.094611718,15.2773225,253.3067019,118.6769831,357.2958639,2459000.5,53.435,C
2001549,2.230593818,0.084349273,5.548316614,85.28503236,6.37121963,70.36305505,2459000.5,10.376,S
2001550,2.543394831,0.313872302,8.880801504,64.49252452,311.1673004,139.2933792,2459000.5,11.391,S
2001553,2.905052938,0.100143522,3.235229626,110.962582,20.69181132,75.43153437,2459000.5,13.772,S
2001560,2.684715254,0.213352231,6.286713611,289.1193064,94.46788196,249.7419813,2459000.5,23.825,C
2001562,2.22685769,0.078183832,4.884037891,129.4673497,83.47906905,51.38141195,2459000.5,9.587,S
2001567,3.212689103,0.082742193,17.27474928,51.45091551,110.664529,306.4845893,2459000.5,69.242,C
2001592,2.765908926,0.305639891,13.53739967,106.1351886,178.090515,338.3236205,2459000.5,13.855,X
2001593,2.224477059,0.281409102,9.980895039,120.0134032,185.3533226,251.5089485,2459000.5,6.095,S
2001594,2.268926417,0.195484486,8.945570698,69.41264233,222.2656707,327.2558349,2459000.5,10.545,S
2001618,2.86800189,0.027664828,3.224914788,102.9284963,183.3184681,287.9777522,2459000.5,17.495,S
2001620,1.245666864,0.335454802,13.33704335,337.1869753,276.9560677,235.1126414,2459000.5,2.56,S
2001627,1.863272945,0.396783058,8.451869889,133.1193428,167.7934626,256.5069001,2459000.5,9.12,S
2001629,2.238213709,0.155374113,9.702044914,132.6834995,106.7736467,61.0577335,2459000.5,8.536,S
2001634,2.245639398,0.161831828,7.598365256,90.72072961,190.9171616,95.5514603,2459000.5,9.035,S
2001635,2.853613695,0.058230207,1.822330698,184.334412,136.3392472,201.3010747,2459000.5,17.127,S
2001638,2.750616677,0.187601517,0.292733563,200.5525926,86.43871207,204.0352854,2459000.5,19.094,X
2001640,2.289011199,0.3429393,7.108234319,355.44496,354.793321,305.1800608,2459000.5,0,S
2001642,2.750686009,0.066718685,10.8037108,339.0449682,149.8611021,246.6469015,2459000.5,16.24,S
2001653,2.609333497,0.32352777,4.070614492,303.985746,88.83527535,198.4286745,2459000.5,9.01,X
2001659,2.784820254,0.259448344,16.42740341,338.2127723,36.41301211,95.66500196,2459000.5,28.01,S
2001660,2.39560594,0.301116597,20.57050662,212.932744,276.6588098,88.55619729,2459000.5,11.342,S
2001664,2.337696567,0.225390086,6.115265518,44.00053406,107.7321876,187.0045265,2459000.5,8.424,S
2001680,2.724213042,0.182619288,4.260796474,83.33760548,158.4222,77.46406817,2459000.5,13.96,S
2001685,1.367586472,0.43583711,9.383132321,274.2452382,127.2065884,290.2506511,2459000.5,3.4,S
2001706,2.125281162,0.114589466,1.876208843,279.717888,339.4568566,314.9055535,2459000.5,6.111,S
2001715,2.398450324,0.241186052,11.47022873,38.93674835,209.3315477,4.152146598,2459000.5,24.165,X
2001716,2.733656099,0.089659443,5.733897819,243.6390285,315.9100934,3.006879981,2459000.5,26.656,C
2001729,2.229220747,0.100640919,2.441797872,9.028415274,262.1100524,87.21573246,2459000.5,9.037,S
2001738,2.183536567,0.203027801,4.876893264,44.10266865,284.352371,302.1038213,2459000.5,7.887,S
2001751,2.792046652,0.173578414,8.123248014,240.2555296,130.474581,290.9157913,2459000.5,10.929,S
2001766,2.748156879,0.088589159,5.228559709,188.6530399,171.2341979,240.599959,2459000.5,19.099,C
2001768,2.4503622,0.179324573,3.25440851,12.34965287,20.14142026,72.20736611,2459000.5,20.221,C
2001785,2.23573368,0.069394323,3.774955754,283.2889003,246.5855238,236.846668,2459000.5,0,S
2001797,2.236466046,0.02393135,3.13946189,29.64167874,356.0810627,25.23754322,2459000.5,9.077,S
2001798,2.199033902,0.122447513,6.192474164,44.25885476,4.31278242,78.27355614,2459000.5,6.631,S
2001807,2.225752331,0.178637029,3.491874445,236.3437808,140.3932115,220.735617,2459000.5,9.135,S
2001830,2.188216848,0.056088162,3.954327868,147.4518364,334.9664683,104.7555506,2459000.5,7.71,S
2001831,2.23926369,0.127716061,5.633276852,72.60524938,183.4824186,154.4476551,2459000.5,8.083,S
2001839,2.798789757,0.168342683,10.16593291,50.88609516,350.334696,126.8044415,2459000.5,8.75,S
2001848,2.872583604,0.04663696,1.440895033,331.6163906,315.8622694,341.8071684,2459000.5,17.03,S
2001856,2.236978655,0.079356661,4.740759773,185.8568507,55.62442547,186.8575472,2459000.5,6.62,S
2001857,2.243126932,0.135129683,4.400940138,236.0511792,173.9445282,132.4483597,2459000.5,7.986,S
2001860,2.568021282,0.201113662,9.919698341,132.8543414,162.1386819,190.6023662,2459000.5,16.8,X
2001865,1.079993933,0.466853121,16.09595507,212.9201787,325.2454991,3.320367864,2459000.5,1.2,S
2001866,1.89369921,0.538083305,41.19929069,63.49079971,293.0630044,104.184673,2459000.5,8.48,S
2001888,2.548260139,0.167749686,5.852175539,244.7978407,233.5975569,192.4609359,2459000.5,11.633,S
2001891,2.706815208,0.068551699,11.50711176,321.8589697,10.84945111,160.1922443,2459000.5,11.588,X
2001916,2.27308656,0.449641167,12.88010266,340.5990723,335.8670314,179.6982275,2459000.5,3.5,S
2001923,2.436522285,0.062500595,4.957074386,353.0310567,106.3416345,168.4294166,2459000.5,13.461,C
2001948,2.534481446,0.168861178,5.826202972,23.2636303,179.5356901,44.18452506,2459000.5,0,S
2001968,2.738675175,0.112108122,4.593676684,71.48347631,164.3384215,92.1463649,2459000.5,13.154,S
2001989,2.350952287,0.076423052,7.764798015,25.2968545,88.00407741,80.30778194,2459000.5,9.603,C
2002019,2.241483413,0.165111445,4.044127449,252.1931385,24.86971961,155.6369339,2459000.5,7.865,S
2002022,2.707760296,0.116438674,5.653580667,2.301386077,37.65440994,282.5448103,2459000.5,12.634,S
2002029,2.349862269,0.127380668,5.589418162,278.0011863,67.12845489,34.41524782,2459000.5,6.893,S
2002053,2.799974764,0.143961249,8.506421333,193.1769881,237.8129261,131.4924559,2459000.5,11.064,S
2002056,2.217394237,0.139173438,3.936060678,225.7637739,145.7124857,182.5606754,2459000.5,7.783,S
2002064,2.178626927,0.329840405,5.695804485,302.1410513,2.717226406,88.91437181,2459000.5,13.61,S
2002073,2.717922892,0.111432796,2.963046822,85.03326353,0.155238526,178.9021023,2459000.5,9.754,X
2002087,2.206727747,0.0575276,1.828830136,95.62818499,319.6550924,231.288068,2459000.5,6.569,S
2002088,2.207304878,0.078929576,5.539448565,359.6782953,91.59796424,236.1978151,2459000.5,7.37,S
2002106,2.70414358,0.095073046,8.036576183,151.7997432,249.1954128,287.9080746,2459000.5,16.518,C
2002107,2.625913415,0.078780806,8.828114929,221.2241633,177.6879356,165.9704991,2459000.5,16.66,S
2002118,2.546668839,0.220819404,6.300216608,331.261976,101.4052845,9.674313604,2459000.5,11.434,S
2002131,1.887302357,0.11098393,33.99323817,306.0321956,38.52995771,98.25305598,2459000.5,8.252,S
2002157,2.783648403,0.111856416,8.624785978,349.4284804,265.1408335,188.4793063,2459000.5,13.423,S
2002161,2.746717437,0.162930608,7.305852759,126.4120154,249.4288746,169.4116441,2459000.5,15.857,C
2002167,2.544277527,0.184477126,6.025311057,252.9077574,274.3155892,88.95929453,2459000.5,8.998,S
2002169,2.788022795,0.049594534,1.52742347,71.85994193,0.073976548,326.8548322,2459000.5,19.263,C
2002185,2.710191297,0.160118183,9.593810334,60.58388176,262.4379887,168.5258802,2459000.5,14.843,S
2002189,2.403508533,0.225886632,13.92146429,128.7959779,217.429191,344.4276958,2459000.5,6.255,S
2002204,2.593451019,0.405368575,20.57716507,160.0472998,283.8635822,226.2259226,2459000.5,25.16,X
2002231,2.726901499,0.252388089,8.238544444,342.2889153,24.58202503,165.682045,2459000.5,15.818,C
2002244,2.810620362,0.181232513,7.82367258,106.4871607,297.6183827,109.5211039,2459000.5,24.377,C
2002258,2.693858804,0.080894827,1.479088116,307.3298067,174.1242186,352.118611,2459000.5,26.255,C
2002268,2.937833731,0.116027906,3.304678585,89.62675375,324.1782189,142.8361201,2459000.5,13.422,S
2002282,2.202886563,0.079817538,4.983022271,207.778568,238.222597,135.1222283,2459000.5,0,S
2002305,2.785252773,0.031419071,7.458545799,25.25284333,358.2373815,164.4937494,2459000.5,12.684,S
2002306,2.733600905,0.063933312,4.231070446,236.7043455,101.9020463,321.850795,2459000.5,19.36,X
2002308,2.549198922,0.172564102,14.17298294,34.2501359,233.6780697,359.8463112,2459000.5,17.719,S
2002316,2.451814733,0.166213123,1.816995935,148.6573602,147.3044054,153.7166553,2459000.5,12.95,C
2002317,2.524194377,0.163284674,4.166223482,187.10761,204.5116606,302.0622936,2459000.5,0,S
2002328,2.340540088,0.146353279,10.01647827,182.1354432,340.8770994,201.253483,2459000.5,12.895,C
2002331,2.427315989,0.220105293,3.711376549,255.243493,223.4151417,124.6334984,2459000.5,5.713,C
2002346,2.371284546,0.155907499,5.923749848,244.6462316,106.2310561,346.7146575,2459000.5,10.42,C
2002353,2.803872231,0.113415799,4.796266937,24.63836753,301.2152049,228.4984534,2459000.5,12.564,S
2002369,2.781864879,0.046762429,2.631763831,47.92351976,240.3104043,97.88736274,2459000.5,10.227,S
2002373,2.796176054,0.172065225,10.0803041,146.3435581,216.2315108,120.7781425,2459000.5,8.664,S
2002380,2.192182293,0.059345647,1.922147762,324.5814353,108.9736661,252.0840764,2459000.5,6.49,S
2002386,2.812924456,0.159108574,9.087020092,4.878944258,311.7153938,273.5073512,2459000.5,11.91,S
2002390,2.621018579,0.144111931,10.32882549,325.7937412,355.1990765,148.7039756,2459000.5,22.81,X
2002401,2.772263135,0.058295521,4.32550043,50.90608333,37.46451858,178.816827,2459000.5,9.015,S
2002409,2.266130302,0.190928603,3.513284667,140.7248448,207.8781498,347.8585865,2459000.5,8.696,S
2002438,2.244270024,0.107885116,4.900223293,52.28525942,170.9635874,248.5657864,2459000.5,7.179,S
2002444,2.727348393,0.131984037,15.12238278,286.1213285,142.0899462,98.67440607,2459000.5,29.925,C
2002451,2.72431838,0.153226243,8.592100067,331.7736973,325.3560259,330.7508812,2459000.5,11.848,S
2002455,2.72676603,0.087789079,7.541742497,300.727707,116.3824434,121.1874486,2459000.5,16.099,C
2002478,2.225494194,0.068830085,4.139510196,228.7942973,233.454352,40.52548412,2459000.5,9.238,S
2002482,2.927255956,0.064806994,3.131362601,103.0506045,1.782756297,56.0741485,2459000.5,11.31,S
2002493,2.789504429,0.16884441,8.726658323,205.8507877,147.9052166,38.3770176,2459000.5,7.401,S
2002509,2.455302675,0.193848456,2.851373683,343.5238574,348.5099935,30.05061409,2459000.5,16.784,C
2002521,2.793001511,0.093132249,7.723612263,281.2396574,246.9978811,298.5389364,2459000.5,0,S
2002625,2.19615121,0.141114546,4.460733446,128.7295543,170.7062219,137.8259808,2459000.5,0,S
2002631,2.795873958,0.161999668,9.583442789,24.7414619,19.0533595,150.231418,2459000.5,10.765,S
2002635,2.2311775,0.079177742,4.167934212,276.929109,271.1249304,155.4250454,2459000.5,8.458,S
2002675,2.212784236,0.101264194,2.751404946,5.841701242,2.068235118,35.87418212,2459000.5,10.96,S
2002703,2.193646676,0.056766256,6.030899228,49.43113331,170.7613824,225.6624153,2459000.5,0,S
2002709,2.195548151,0.06952299,2.732588856,241.1206185,307.9604011,262.6163336,2459000.5,6.559,S
2002720,2.330495583,0.203475599,3.289524816,113.4142672,236.5502662,153.0061196,2459000.5,8.933,C
2002730,2.720016562,0.13020795,6.429656584,4.646693422,273.3648566,289.9324221,2459000.5,15.83,C
2002737,2.745205695,0.195691555,8.824996781,339.4486727,105.3095817,85.66890683,2459000.5,12.766,S
2002744,2.301760494,0.332575798,6.744000287,315.5442205,44.00313871,284.7277643,2459000.5,0,S
2002748,2.805577909,0.133720146,4.219896749,350.2824985,347.5201451,11.09124911,2459000.5,8.509,S
2002750,2.212326618,0.075258184,5.17276326,45.77962416,81.92729001,31.83212653,2459000.5,4.923,S
2002789,2.227746227,0.163586451,3.817448145,242.698154,141.2517372,68.06717566,2459000.5,4.766,S
2002801,2.80135957,0.171131639,9.554255692,34.12069879,314.275438,42.24480688,2459000.5,11.525,S
2002807,2.793320578,0.182598458,7.863964168,28.25750667,93.01824136,223.3658578,2459000.5,16.866,C
2002818,2.376416051,0.150592502,2.956836382,60.92964787,100.5379172,322.1553238,2459000.5,3.911,S
2002827,2.309388892,0.030534582,8.621900935,345.4931732,206.2934673,63.07802503,2459000.5,9.301,S
2002834,2.542159616,0.159350407,6.428410352,208.4119786,279.761751,181.1129,2459000.5,11.417,S
2002874,2.244838721,0.133938733,4.892810701,79.17838009,322.7892011,51.13277083,2459000.5,6.552,S
2002875,2.795977046,0.103685681,9.045675174,340.2372559,170.1742317,342.8580742,2459000.5,9.511,S
2002879,2.769013558,0.141368739,10.71715297,149.2411464,25.26895256,47.83085833,2459000.5,21.762,X
2002881,2.247675648,0.154695004,4.61592566,172.9979146,326.5673345,17.28413076,2459000.5,5.672,S
2002892,3.17673408,0.203290904,17.00203739,325.8259633,93.77599819,269.687262,2459000.5,69.492,C
2002905,2.803798706,0.094544983,8.900092161,9.823199716,220.514298,331.8809496,2459000.5,10.224,S
2002911,2.792599736,0.097723853,9.617055298,149.2246335,64.43505523,198.6220182,2459000.5,12.214,S
2002917,2.79443546,0.112827719,12.82112974,348.6684217,39.4770982,137.4890458,2459000.5,9.553,S
2002930,2.781113835,0.022019718,4.05914534,359.1595249,101.5012671,215.372756,2459000.5,14.867,C
2002949,2.194931138,0.139772372,4.865654081,163.1215702,130.7902477,141.5089365,2459000.5,6.959,S
2002953,2.828130701,0.021468835,1.07262417,250.9234583,14.12533187,317.2442995,2459000.5,12.546,S
2002955,2.180582344,0.115445451,3.592131664,32.41572745,234.6542446,212.155211,2459000.5,5.427,S
2002977,2.785939435,0.170832774,9.58734594,170.4422003,184.7280739,300.5253866,2459000.5,9.05,S
2002988,2.609130225,0.12448902,14.73346542,100.8923865,133.7853795,55.68480079,2459000.5,13.671,S
2003007,2.368686659,0.132880964,8.332274094,68.7985505,252.6844466,114.4077394,2459000.5,11.468,X
2003037,2.675977677,0.187719687,19.02713958,107.7826539,330.4673714,194.4986975,2459000.5,29.876,C
2003040,1.840951242,0.200134019,46.64600589,143.4918587,290.1616199,248.104831,2459000.5,3.377,S
2003060,2.277963364,0.177200815,7.259867827,326.6844181,4.878061167,353.3670736,2459000.5,7.145,S
2003096,2.668029609,0.195245025,12.14841775,168.5107228,165.7269116,327.218041,2459000.5,17.122,C
2003102,2.151154456,0.449318191,8.441614512,172.0638477,154.742201,101.8877455,2459000.5,1.6,S
2003121,2.228033151,0.085293086,6.366036203,125.4780297,87.78479756,242.3893772,2459000.5,6.059,S
2003122,1.768974947,0.422944591,22.14249625,336.0638556,27.84781487,50.43779607,2459000.5,4.9,S
2003137,2.400752868,0.189960004,2.47908556,286.5253034,135.9947526,355.3820829,2459000.5,6.685,C
2003151,2.764381071,0.136327004,19.49689148,212.323733,38.15844147,354.7051139,2459000.5,13.618,S
2003170,2.928389402,0.088613137,2.015400221,26.78266466,79.88665211,329.4739845,2459000.5,9.597,S
2003175,2.363915685,0.212179154,0.645194547,208.316508,190.5414195,76.57150976,2459000.5,5.942,S
2003179,3.088839639,0.161592632,1.760368557,179.5479643,276.8066828,320.0816019,2459000.5,20.835,C
2003181,2.229237845,0.065263152,3.958089048,221.1332045,304.3246856,306.2667605,2459000.5,7.961,S
2003192,2.377452277,0.169350065,2.876258623,56.6768903,91.89267452,159.8133645,2459000.5,4.361,C
2003198,2.180260682,0.239001667,17.96510758,83.56987064,40.53293727,319.2275948,2459000.5,0,S
2003209,2.192394324,0.05351351,5.233316006,128.2464562,30.53464614,276.5197622,2459000.5,5.818,S
2003216,2.395847925,0.302982047,4.91144285,107.8869128,224.7285988,259.7954423,2459000.5,4.029,S
2003224,2.782457476,0.167393751,4.318052848,227.8424093,3.940305666,196.1748429,2459000.5,24.9,X
2003249,2.346465115,0.246149148,3.36873972,76.25188128,310.1153636,114.8898064,2459000.5,5.108,S
2003255,2.374380528,0.362334973,21.35288347,337.0447261,79.36460919,274.7642998,2459000.5,4.023,S
2003256,2.777452543,0.099084584,7.837695859,174.2804501,267.9962011,66.57444608,2459000.5,20.551,X
2003258,2.206254515,0.196001811,7.551977179,45.00472716,296.9218956,81.91785463,2459000.5,0,S
2003262,3.008537353,0.066483035,9.457711182,72.90592653,59.50733169,296.4331558,2459000.5,22.627,X
2003306,2.247438052,0.144436288,4.526302366,213.3187988,64.45044719,113.7934594,2459000.5,7.61,S
2003309,1.817419076,0.053423864,21.13330451,29.78092319,218.3499009,118.7028849,2459000.5,5.038,S
2003314,2.218259314,0.045335308,7.405871158,359.4163709,46.66418009,86.88608111,2459000.5,6.776,S
2003320,2.458739001,0.048884236,4.063820861,218.1057987,347.4647331,116.4542016,2459000.5,6.706,S
2003340,2.233722837,0.19436362,5.600211446,35.6092847,283.3839175,100.1134151,2459000.5,0,S
2003345,2.47194454,0.191249544,15.87104501,304.836734,194.6918377,189.1596623,2459000.5,21.698,C
2003364,2.198679791,0.104398334,5.549437165,145.984557,108.6655755,343.1579018,2459000.5,5.399,S
2003365,2.71265894,0.173700196,7.799667633,189.3225888,108.7695901,205.9750383,2459000.5,17.716,C
2003367,2.784345309,0.068498258,5.319597808,258.1652182,236.871938,33.04131875,2459000.5,9.607,X
2003375,2.172584644,0.025563832,1.079970966,169.2199125,354.0645146,129.5124866,2459000.5,6.721,C
2003385,2.221024244,0.040694268,6.802207842,197.6762861,68.17676804,215.5060288,2459000.5,7.689,S
2003389,2.772480728,0.139122462,7.062653005,149.9754515,269.5583608,15.41847146,2459000.5,20.768,C
2003394,2.316658528,0.197824932,7.092332799,192.3123237,335.4507815,242.2858051,2459000.5,6.298,S
2003401,2.36774638,0.359548569,21.79547132,322.3560943,108.6270216,174.9406164,2459000.5,7.023,S
2003406,2.79662899,0.13126825,8.358908187,269.8347181,310.3875898,292.7948438,2459000.5,16.058,X
2003417,2.422879603,0.226834895,7.949006007,88.37016597,113.3961627,18.76232549,2459000.5,4.581,S
2003435,2.32328547,0.046331254,7.722652307,170.7803911,298.1913826,273.6530645,2459000.5,7.251,C
2003440,2.80424435,0.055316771,7.540819775,171.1244992,145.1775449,181.5939272,2459000.5,10.588,X
2003493,2.202806477,0.088170249,5.976847977,122.1225339,76.49328198,188.9414447,2459000.5,6.3,S
2003511,2.745021179,0.200719355,8.67165069,229.5610594,237.9955286,45.46290809,2459000.5,9.641,S
2003527,2.292414937,0.121421559,5.512680825,219.2018185,355.2971371,42.25095138,2459000.5,7.163,S
2003534,2.751689222,0.194776965,7.638170415,247.0844117,200.9403191,86.61573034,2459000.5,9.011,S
2003542,3.171989687,0.085624108,8.085610788,265.9800723,60.99503505,6.046303343,2459000.5,18.437,C
2003575,2.749548595,0.122498929,7.758292374,71.19877852,158.5953554,292.7596137,2459000.5,11.735,X
2003587,2.704600059,0.038750557,7.824825966,32.96671695,25.10464187,201.8465768,2459000.5,14.594,C
2003592,2.345272384,0.191325295,9.663744289,20.58209053,62.80362025,136.3489432,2459000.5,5.354,S
2003635,1.794633632,0.08463001,19.22193131,235.3467223,249.1993836,323.2232642,2459000.5,0,S
2003636,2.276277062,0.176466227,4.101436018,26.96724271,93.97079025,278.9955754,2459000.5,4.055,S
2003640,2.224316894,0.086818041,4.311942002,289.1808263,155.2946095,102.560282,2459000.5,7.148,S
2003642,2.786320561,0.080771699,13.47360205,131.2823475,14.67554152,54.5674949,2459000.5,31.899,C
2003645,2.699665719,0.082632914,7.133107392,261.9154292,109.2573659,235.748502,2459000.5,19.928,C
2003658,2.186829669,0.064321097,4.012670733,320.3776346,106.4934714,198.7140242,2459000.5,5.021,S
2003669,2.213917521,0.070330651,4.827164948,90.93605284,34.6202497,81.19682045,2459000.5,6.243,S
2003670,2.741304174,0.01610762,6.448365256,107.0032715,146.8974952,330.165894,2459000.5,18.894,X
2003678,2.554396668,0.188597417,8.285360617,141.9823189,51.69312631,63.80240937,2459000.5,7.972,S
2003684,2.287454457,0.154052805,6.813284132,94.96001704,67.73817969,250.5217837,2459000.5,12.37,C
2003686,2.742742307,0.146440023,5.723685819,134.5410674,79.56393121,67.112831,2459000.5,17.744,X
2003701,2.799224662,0.090397029,4.922985086,115.5158695,299.4594825,277.4511306,2459000.5,9.013,S
2003712,2.735434623,0.255228208,31.70164685,287.8893157,200.6974847,291.7757058,2459000.5,11.159,S
2003737,2.406965114,0.396457832,20.13345592,288.1872889,85.43647134,285.271777,2459000.5,6.968,S
2003759,2.719074977,0.118110865,13.05321967,292.8715741,165.9912036,45.82281003,2459000.5,32.15,X
2003762,2.274127552,0.079099835,1.458278509,163.8216251,188.6820941,270.2063174,2459000.5,3.898,X
2003788,2.790945126,0.105032962,9.683633135,135.1307007,105.9963685,172.1788757,2459000.5,9.799,S
2003792,2.292228492,0.220045983,23.69479474,63.31605169,50.8478318,106.100006,2459000.5,5.161,S
2003796,2.698569196,0.151135534,6.52054594,269.4534877,358.2976555,0.147701827,2459000.5,19.23,C
2003800,1.577906029,0.075606203,14.84825672,95.44521032,115.7971574,27.74129069,2459000.5,1.624,S
2003809,2.691573903,0.106374019,6.561190572,124.6488738,307.5511063,180.4673898,2459000.5,8.243,S
2003813,2.191357135,0.175728007,4.157636475,319.7830484,349.5467093,156.7416736,2459000.5,5.108,S
2003824,2.255789516,0.235733496,2.800135498,329.4528024,107.8462295,238.5108105,2459000.5,5.183,S
2003827,2.74010921,0.128699575,4.097576631,333.502539,34.12478169,169.8333537,2459000.5,11.798,C
2003831,2.16693963,0.196066307,4.581833098,151.2654732,147.8068117,257.6465539,2459000.5,5.776,S
2003841,2.274785957,0.160021723,5.221546707,46.06763373,359.5992206,233.2975865,2459000.5,6.252,S
2003853,2.80868162,0.137338396,9.082419056,142.8503508,283.3009502,57.90574765,2459000.5,8.058,S
2003860,2.806859106,0.153115954,8.129259592,289.4550356,44.37970448,62.66327038,2459000.5,12.812,S
2003861,2.553086868,0.190449445,5.671927442,198.0937417,342.9886502,346.3822501,2459000.5,8.175,S
2003862,2.542026099,0.248210066,8.990246723,106.5918709,180.2654722,288.7442706,2459000.5,6.488,S
2003873,1.892179136,0.133937255,23.35245924,250.044388,267.7039363,159.3290053,2459000.5,5.021,S
2003886,2.774932646,0.099622391,5.064297038,185.2955038,124.7344988,184.2349718,2459000.5,18.553,C
2003910,2.794949095,0.133425314,8.687550648,2.574662679,273.587172,343.9524946,2459000.5,0,S
2003972,2.163448497,0.177219135,4.149732368,163.2199428,179.0818808,1.431166212,2459000.5,4.124,S
2003976,2.758836719,0.071651218,12.71301608,222.4259748,102.8779938,304.478553,2459000.5,29.049,X
2003985,2.852989072,0.097846454,16.29442677,83.99004188,152.4754309,41.78125366,2459000.5,19.631,X
2004001,2.287282327,0.172194513,5.457812551,130.6580461,204.211977,162.3272784,2459000.5,4.641,S
2004033,2.240650833,0.091584705,5.121347719,46.43684533,163.697709,51.83803037,2459000.5,4.781,S
2004039,2.41709936,0.061909746,5.043965173,275.4600146,125.8920153,213.7959046,2459000.5,6.634,S
2004072,2.144953341,0.064513524,2.161130607,21.29298987,126.1251249,7.664767528,2459000.5,4.694,S
2004107,2.555228252,0.202560885,17.52992246,148.9898516,312.4559479,330.9930949,2459000.5,12.854,C
2004200,2.725613611,0.224649843,7.773756682,241.6534533,242.4050348,0.672986284,2459000.5,0,S
2004222,2.366599282,0.296173219,3.740782017,206.8150567,217.9591538,14.86398322,2459000.5,9.636,S
2004265,2.428416636,0.19913448,4.357977927,127.1418194,243.1123062,40.65775306,2459000.5,14.244,C
2004272,2.368650454,0.248755814,9.26882794,184.3788452,183.9849079,104.8683005,2459000.5,7.675,S
2004280,2.377014967,0.010531798,4.627578853,51.33529489,356.4760936,109.547079,2459000.5,5.942,S
2004287,2.208375338,0.18655025,5.482150244,52.91426341,257.492781,158.8736596,2459000.5,5.875,S
2004292,2.751568479,0.047860291,3.549476909,321.4608779,145.8428871,203.5378851,2459000.5,24.695,C
2004299,2.243279666,0.171088141,5.086458749,104.4008049,272.7433703,32.81647073,2459000.5,7.938,S
2004304,2.452430543,0.148522974,3.066080963,312.4584029,62.55637888,60.82962191,2459000.5,8.432,C
2004305,2.913450789,0.071115464,1.807876702,180.0051678,327.4857277,322.2224654,2459000.5,7.882,S
2004340,2.393658121,0.231386994,25.15408656,81.00978968,175.7290473,65.48623624,2459000.5,8.11,S
2004352,2.764412168,0.195591303,11.07931407,68.62550588,348.5474841,232.0159942,2459000.5,11.61,S
2004372,2.930943432,0.123721565,1.504774369,14.69613222,16.7435004,23.89569081,2459000.5,0,S
2004374,2.222908056,0.170840234,4.845934153,152.5475459,339.0047909,24.0133925,2459000.5,5.687,S
2004387,2.438707487,0.013918568,4.272877278,120.8492606,17.93528731,319.0398886,2459000.5,7.137,S
2004417,2.757185963,0.10661663,9.007257747,356.2115687,224.8741416,134.4838752,2459000.5,11.1,S
2004422,2.238160592,0.179174004,4.804308595,149.9139733,214.1964538,74.39033864,2459000.5,6.336,S
2004435,2.318720564,0.334107463,21.92413216,330.7677449,110.3924488,238.3061418,2459000.5,5.042,S
2004451,2.604523567,0.383663599,27.79664852,219.3571245,110.2485382,175.8119096,2459000.5,0,S
2004461,2.853165553,0.131151516,16.02536283,133.1729124,150.634883,359.1600222,2459000.5,17.233,X
2004479,2.754379523,0.101629645,5.309617584,157.3233648,55.24344783,196.016162,2459000.5,6.883,S
2004536,2.195286439,0.082712945,4.174405447,313.5070915,237.5108681,46.8031663,2459000.5,3.967,S
2004547,2.613418593,0.069622378,18.01495191,358.2865664,37.35978791,220.5394,2459000.5,33.036,X
2004558,2.197599919,0.362591826,22.18633626,254.837188,94.36042307,268.4487131,2459000.5,7.326,S
2004584,2.793419171,0.199612334,7.664808005,25.23980026,65.75395444,230.9434237,2459000.5,14.551,C
2004604,2.17504814,0.128715452,1.408393347,359.9681491,355.5123737,76.25346778,2459000.5,0,S
2004611,2.61483643,0.191853004,13.79675724,116.2169476,274.1830366,321.9089728,2459000.5,11.266,S
2004628,2.643974228,0.117333401,11.80472823,275.5969405,248.6934846,165.0774376,2459000.5,18.719,S
2004649,2.742099016,0.122120583,15.42269702,80.82800445,313.5111265,177.6390756,2459000.5,15.168,S
2004650,2.237905805,0.147323578,4.745376077,306.757615,91.86995164,273.1524373,2459000.5,5.026,S
2004678,2.264313369,0.214455672,3.742329855,30.45242659,323.3169253,249.8276907,2459000.5,5.003,S
2004682,2.27073492,0.195651505,3.821683443,321.2711003,88.77957281,210.2880144,2459000.5,3.934,S
2004702,2.794165001,0.091036391,9.343503095,20.92498326,134.3347808,78.2557572,2459000.5,8.478,S
2004706,2.269319016,0.174089303,8.260211653,178.3283951,283.9551482,192.2649037,2459000.5,5.622,S
2004711,2.382619512,0.256133667,10.23480651,113.7915808,243.0602554,74.59115146,2459000.5,8.156,S
2004719,2.697597865,0.175217568,7.460083049,1.511813951,116.1924061,220.6320887,2459000.5,10.298,C
2004748,2.743357913,0.057972689,16.31551016,85.3120546,185.2668323,47.49440137,2459000.5,11.938,S
2004750,2.183962635,0.090584638,4.90567357,294.9251722,140.353148,69.54806176,2459000.5,8.666,X
2004767,2.690298885,0.109654804,13.31223798,193.9167384,26.34860148,161.6392309,2459000.5,7.923,S
2004774,2.237246902,0.085801105,3.630517272,285.8068969,236.9596532,274.85139,2459000.5,5.017,S
2004804,2.691030924,0.115516846,8.638615132,103.4644226,271.8344698,352.451905,2459000.5,15.427,C
2004844,2.55459207,0.218194416,5.957575378,248.1768237,355.5687372,0.234843481,2459000.5,7.578,S
2004845,2.401294807,0.066749181,7.578906879,28.19422813,223.2818415,231.4955461,2459000.5,7.838,X
2004849,2.279202314,0.110972253,2.996524521,190.8585737,171.8150293,101.3936951,2459000.5,4.195,S
2004853,2.53498428,0.25598492,8.368980533,145.476209,137.9466224,46.09072348,2459000.5,6.239,S
2004884,2.224243137,0.167734458,4.706660957,154.8821075,132.5733778,130.0598877,2459000.5,0,S
2004909,2.272777405,0.246549387,2.408658231,114.1056053,235.1357937,237.2173981,2459000.5,5.324,S
2004910,2.441024454,0.32504821,4.997795819,180.0104214,155.0425613,187.3958444,2459000.5,4.326,S
2004923,2.144806301,0.201628913,6.675054414,188.4884574,108.5616276,78.70059544,2459000.5,3.367,S
2004942,2.201235936,0.136178304,3.833825867,278.0862092,11.37024926,310.8503283,2459000.5,3.453,X
2004945,2.572008303,0.317604709,4.897866519,193.7959683,137.497334,347.4196349,2459000.5,7.441,S
2004951,2.256661651,0.167090373,7.532645305,101.0310165,340.2214462,9.509690677,2459000.5,5.192,S
2004954,2.000855358,0.449383752,17.42943968,358.4436102,52.58954693,150.9533899,2459000.5,10.8,S
2004957,1.565492771,0.218791405,35.01082611,254.9001694,97.46013766,65.36830944,2459000.5,3.499,S
2004969,2.756258521,0.362537846,31.4468452,186.5048818,245.2669724,84.40075998,2459000.5,6.712,C
2004995,2.340976878,0.311412787,20.60682929,321.9742748,88.99841702,323.1920973,2459000.5,0,S
2005008,2.21501719,0.060783793,5.269960728,142.4013917,41.81012073,298.3665073,2459000.5,7.206,S
2005010,2.715336158,0.203302055,14.65541762,173.3430502,43.20662059,255.6551661,2459000.5,0,S
2005038,2.311767991,0.281371363,10.92670887,65.65825909,219.5763754,155.7914007,2459000.5,3.761,S
2005069,2.251377128,0.131721293,5.000157332,178.869058,81.561861,240.0258169,2459000.5,6.18,S
2005087,2.744801524,0.00544063,4.907463031,190.8894279,147.6209665,84.75251469,2459000.5,13.132,X
2005091,2.783671246,0.011782882,3.198525474,270.0044352,317.0492714,243.8780851,2459000.5,14.319,C
2005103,2.749628788,0.013026583,4.89051528,185.7429431,116.327857,181.3529615,2459000.5,11.919,X
2005108,2.305163692,0.109887792,6.429398983,327.4231433,78.53453723,63.41515833,2459000.5,4.617,S
2005131,1.486128269,0.569153935,36.43079052,110.3753217,135.8463475,207.6031725,2459000.5,0,S
2005159,2.787204045,0.112982322,9.250203878,167.158111,82.91388306,142.8137629,2459000.5,6.388,S
2005184,2.156749973,0.032850246,4.000289368,331.9862559,193.7065829,312.9868654,2459000.5,4.075,S
2005196,2.697753073,0.14044588,13.22588291,6.81649517,113.3552795,86.14613279,2459000.5,5.944,S
2005208,2.604759355,0.047163336,15.91746106,124.5124995,22.63631227,171.9904517,2459000.5,8.081,S
2005214,2.188479679,0.103513121,6.06862934,7.583898651,262.8251018,186.9004831,2459000.5,0,S
2005227,2.290606858,0.086619223,8.625764039,253.8908134,87.691877,254.8566199,2459000.5,5.15,S
2005230,2.398607638,0.374480441,20.67932027,195.2031758,266.4125331,270.415846,2459000.5,5.681,S
2005243,2.774170512,0.179304367,7.486777275,194.4218424,60.91453777,118.8583702,2459000.5,13.947,C
2005253,1.974467845,0.224613121,28.76759289,71.26544813,69.33756469,121.2443209,2459000.5,2.449,S
2005294,2.867234811,0.130286486,17.78076185,127.8921424,317.127313,52.29674572,2459000.5,12.655,X
2005349,2.786833744,0.467842263,28.46291304,1.367084286,81.04296827,264.909986,2459000.5,0,C
2005364,2.458439376,0.199922227,3.113914754,281.210599,77.71493751,91.26146535,2459000.5,12.248,C
2005401,2.795347116,0.151179796,10.06550236,46.91205268,14.88923985,341.0452959,2459000.5,9.56,S
2005416,2.783043507,0.233587336,8.394695746,66.67423067,285.5895993,30.38832036,2459000.5,19.006,C
2005438,2.745569252,0.276182407,26.56956474,298.4820346,238.450369,343.9019902,2459000.5,28.072,C
2005448,2.221705308,0.144397695,4.841925429,321.1611724,206.2760965,349.666693,2459000.5,6.406,S
2005467,2.808361522,0.169199676,8.754069657,339.0202719,141.3515532,309.4832466,2459000.5,10.351,X
2005485,2.735580003,0.114283039,3.295151649,50.93139896,65.71331978,4.87564253,2459000.5,0,S
2005510,2.190562693,0.244571958,5.684733608,109.2248189,234.6907319,279.4609325,2459000.5,4.314,S
2005534,2.758634024,0.337150909,7.487854349,9.214824594,50.5389156,26.15193785,2459000.5,8.501,S
2005552,2.776608037,0.246207842,8.216846215,174.4238976,250.3303298,12.81368279,2459000.5,7.331,S
2005563,2.763995327,0.064231471,10.47539051,68.05047211,48.13627998,22.07437595,2459000.5,10.188,S
2005565,2.811044072,0.215903375,10.3052264,138.7466107,266.1003211,30.41949346,2459000.5,12.286,S
2005588,2.787186023,0.138774046,12.35399936,93.6027256,254.4659245,160.012345,2459000.5,10.931,X
2005595,2.724729293,0.163462013,9.82667404,129.5732524,262.8959504,91.57537969,2459000.5,9.828,S
2005610,2.803036142,0.044392379,3.353914552,243.6693676,330.4578504,192.5302476,2459000.5,7.812,S
2005626,2.194606398,0.454391793,3.84855068,173.0971767,231.8811509,74.92458635,2459000.5,0,S
2005647,2.424399105,0.269497128,21.91274333,240.1474184,228.0361251,244.3773052,2459000.5,8.61,S
2005649,2.28051067,0.3367847,21.72281944,3.438751329,62.55356472,193.3673301,2459000.5,2.6,S
2005678,2.730427808,0.274590517,34.08648776,48.03132832,297.1382994,309.9901544,2459000.5,5.945,C
2005685,2.799967075,0.091336387,7.710696625,276.9919693,267.0787183,19.20522777,2459000.5,12.993,S
2005732,2.223205604,0.403997126,22.45209854,240.6260002,253.268053,150.9418971,2459000.5,0,S
2005751,2.103979839,0.423474765,16.07356216,121.6660622,25.30520977,97.17949569,2459000.5,2.3,X
2005817,2.408005235,0.340451816,21.10716778,340.4656093,82.8343235,45.32743354,2459000.5,6.497,S
2005836,2.439716446,0.536919702,7.949706206,238.7840605,77.9397435,6.120708049,2459000.5,2.754,S
2005892,2.385808705,0.301405648,4.585417453,153.7337356,290.8196029,162.8383251,2459000.5,3.71,S
2005956,2.709771972,0.292518981,8.973365595,188.6170309,183.0122252,196.5525628,2459000.5,12.277,C
2006005,2.699138384,0.151758835,7.637916247,25.22472278,108.7724398,18.7480735,2459000.5,9.179,C
2006047,1.454478112,0.352312194,23.47155586,6.102252743,103.7711192,63.48251975,2459000.5,0,S
2006071,2.708354139,0.110341812,11.73158698,152.4362315,277.1948671,182.3130061,2459000.5,9.586,S
2006078,2.804384082,0.173775221,8.359508159,228.4627399,138.9484503,159.5644693,2459000.5,6.866,S
2006192,2.292723545,0.266043145,10.33091481,122.2210132,169.0523747,205.196496,2459000.5,6.455,S
2006230,2.781014534,0.084608664,3.278688985,287.0626632,95.22399433,230.0283206,2459000.5,12.834,C
2006364,2.749783768,0.248750402,9.670274308,358.7401482,319.4052481,94.6224414,2459000.5,10.536,S
2006386,2.272089893,0.301007075,8.734670304,119.8127805,268.0068119,306.6113549,2459000.5,0,S
2006455,2.24098535,0.572546355,37.33702644,26.94439204,262.7619615,119.8834239,2459000.5,4.626,S
2006669,2.201355406,0.213931673,6.218082596,49.47030634,255.0889591,281.4533693,2459000.5,6.17,S
2006716,2.790420909,0.058859815,4.649523975,162.1311605,261.5958302,70.40707685,2459000.5,15.985,C
2006906,2.737155516,0.272134544,10.44655972,68.15571055,346.9132292,171.4177078,2459000.5,11.211,C
2006907,2.739352321,0.19714909,9.089591353,90.95000009,3.397647525,137.970137,2459000.5,12.137,C
2006908,2.747657552,0.094215463,5.605696701,74.31830337,313.0800071,198.383832,2459000.5,6.443,S
2007170,2.699305992,0.182382284,12.47647057,330.5700512,29.4243493,117.5416886,2459000.5,9.688,S
2007211,2.799302401,0.161345894,9.103362634,1.675840051,339.5582625,31.30865456,2459000.5,6.393,S
2007225,2.342769351,0.202614901,6.869084639,275.7222073,203.7864579,157.1609804,2459000.5,6.68,S
2007397,2.783746323,0.164881908,8.664239853,348.443985,60.34302405,38.48291461,2459000.5,7.155,S
2007451,2.809439352,0.171325621,10.30725781,147.0246734,197.7923336,307.614238,2459000.5,7.563,S
2007474,1.565655509,0.292079473,7.088236898,88.62406025,275.6128605,44.59185182,2459000.5,0,X
2007480,1.567757569,0.316820764,9.45389801,124.3776326,256.8417624,14.88496336,2459000.5,0,S
2007482,1.346161268,0.328304587,33.48902941,117.8849792,47.60888226,318.5260612,2459000.5,1.052,S
2007564,2.764557264,0.204749026,10.8665482,157.0564555,350.5111812,357.2358531,2459000.5,8.533,S
2007604,3.112308885,0.573655876,20.44800545,147.2321252,266.2333287,156.942125,2459000.5,0,C
2007817,2.785903949,0.045629329,0.557181998,120.1973749,178.0009616,335.8891228,2459000.5,12.246,C
2007822,1.122920698,0.164646301,37.12099026,156.8525778,249.4339913,296.8335642,2459000.5,1.602,S
2007977,2.22649528,0.466102313,25.164463,134.1643446,248.034625,298.6560505,2459000.5,0,S
2008008,2.780907909,0.079187866,1.348641899,128.1699262,257.3285085,305.2625575,2459000.5,12.656,C
2008334,2.784823658,0.101281595,10.1364974,93.18270931,53.91029719,287.1813284,2459000.5,7.837,S
2008450,2.750113408,0.088204347,4.87509331,342.8404945,35.17288684,110.6076966,2459000.5,11.191,C
2008516,2.756010108,0.162361432,5.861585366,51.43750438,347.5092462,81.7361326,2459000.5,0,S
2010302,1.272206355,0.136402908,4.378247099,104.340157,183.3544004,188.5354319,2459000.5,0,X
2011500,1.079768039,0.355779589,10.30870903,234.4277374,289.4574529,358.2464565,2459000.5,0.738,S
2012281,2.73939183,0.013996924,6.356004729,119.0567024,145.6686363,346.5729335,2459000.5,15.985,X
2013651,1.335527442,0.305659372,17.24854703,116.6637801,133.8249892,320.9064103,2459000.5,0.562,S
2014402,1.714934363,0.401733531,11.41654218,158.2239152,51.38845391,343.4196862,2459000.5,0.6,C
2015745,1.719662308,0.255181094,14.42831299,132.6151046,140.6336668,305.0952231,2459000.5,0,S
2016064,2.849238178,0.589110015,4.539228929,335.5695839,104.795763,75.81081977,2459000.5,4.106,C
2016834,1.467868377,0.442161748,15.99022749,260.7957474,334.3298754,80.86960594,2459000.5,1.87,S
2017480,2.790125263,0.174001813,8.65584182,337.9864924,38.92063321,36.16839353,2459000.5,4.301,S
2017511,1.189978887,0.358838054,9.582650846,355.9243691,202.3593541,235.8040999,2459000.5,0,X
2018882,1.685186493,0.231713905,36.8167553,291.6993127,242.6572271,49.00224859,2459000.5,0,S
2019356,2.502511718,0.562630482,3.003666776,186.7010109,333.8510726,317.1590267,2459000.5,0.91,S
2020790,2.742488908,0.560725441,8.334678788,302.9563014,168.9210094,94.31495043,2459000.5,0,S
2022449,2.343320345,0.352445356,21.52882196,2.488116847,70.3473869,193.3761724,2459000.5,3.762,S
2032906,2.246982205,0.440929526,18.93088856,331.2169244,92.31332464,194.8388229,2459000.5,0,S
2035432,2.505850075,0.543880963,13.1375867,115.3382997,1.463502429,221.0737842,2459000.5,0,S
2037336,2.253044547,0.483479554,36.66479965,223.6626094,117.98179,203.2985688,2459000.5,0,S
2048603,1.917879893,0.429885175,5.024644851,328.2653982,81.76389397,229.1682359,2459000.5,0.844,X
2053435,2.312181019,0.482694331,15.34203245,51.36783798,354.4302144,320.6252767,2459000.5,0,S
2054686,1.776585967,0.341970809,33.20448213,161.7118465,265.9189674,101.4775054,2459000.5,1.349,S
2065706,2.39712385,0.555515589,9.638792907,349.1809182,8.690053735,172.1948769,2459000.5,0,C
2085774,1.402899507,0.32911839,13.58886607,64.65416912,50.11949882,309.6965997,2459000.5,0.939,C
2085818,1.656675907,0.416367527,62.71396873,235.6567645,301.2556066,286.8744067,2459000.5,2.028,S
2086326,1.844427221,0.36251082,34.31110731,78.46236987,312.5759355,80.43922614,2459000.5,1.348,S
2089355,1.786735863,0.308219391,22.6678275,103.1056399,84.90354261,224.6953262,2459000.5,2.038,S
2099913,2.292973169,0.397845705,24.95093083,287.9525376,169.5095984,261.0675082,2459000.5,0,S
2100756,2.268264442,0.553195087,11.54644586,176.5939193,311.9124324,190.7309619,2459000.5,1.809,S
2100926,1.782989066,0.407417926,24.23865937,221.1091471,138.756371,27.18811218,2459000.5,1.174,S
2136793,1.147073296,0.465339012,17.37447789,296.2675017,37.00932301,108.8672085,2459000.5,0,C
2136795,1.747208814,0.478609772,10.99172312,50.19110281,147.4553544,17.87248474,2459000.5,0,S
2139056,1.885729133,0.327424419,4.733697662,111.2447829,110.4281208,130.8270313,2459000.5,0.32,S
2152756,1.45078617,0.414990141,15.22500812,229.050965,101.537068,325.9414388,2459000.5,0,S
2162567,1.247553147,0.250267225,13.74793237,333.3082982,133.2757361,320.3833119,2459000.5,0.335,C
2162781,2.224330724,0.427524603,10.04527811,332.0275591,163.8848343,295.5225108,2459000.5,0,S
2171839,1.460900672,0.310834474,17.07199157,226.6870646,321.8894367,305.76887,2459000.5,0,S
2175706,1.053809166,0.34971208,1.99121027,299.679991,24.05137271,15.70799806,2459000.5,1.196,C
2189040,1.372901217,0.382536264,13.09467379,130.0848053,63.64946239,184.0589824,2459000.5,0,S
2194006,1.448545059,0.424381423,4.257218863,184.9702545,101.6054614,290.39039,2459000.5,0,X
2194268,1.452995039,0.787498741,5.437277356,160.7573468,107.7489747,253.8433906,2459000.5,1.244,X
2200754,1.756097703,0.516800567,15.51271847,279.7890607,83.72082915,3.61056155,2459000.5,0.553,S
2200840,2.325755853,0.557920996,1.9403338,264.4946161,278.3308763,46.67299157,2459000.5,0,S
2207970,2.635271717,0.530616907,3.383398491,176.8214954,280.0547886,246.7871448,2459000.5,0,X
2228368,1.478952546,0.702124462,14.73814876,57.97198872,244.4781385,354.1694711,2459000.5,0,X
2308635,1.15707221,0.430583541,0.34024012,35.92178441,273.5761685,2.183501771,2459000.5,0.4,C
2310402,1.669125423,0.281418728,30.98991104,355.4827569,192.9842404,290.9914383,2459000.5,0,S
2322652,2.65055362,0.574782474,24.36004128,80.04313275,205.9455486,306.348446,2459000.5,0,S
2350513,2.658448427,0.56073987,12.57110819,147.5341322,79.65804058,218.7632144,2459000.5,1.77,X
2354127,1.696768861,0.394410915,30.25092144,347.3490243,202.7805251,83.41964457,2459000.5,0,X
2357022,1.284745431,0.32946307,34.51918849,293.2784217,250.218718,315.5665247,2459000.5,0.432,S
2370061,1.815245628,0.693511948,54.61152483,262.6306489,309.3414757,301.6603833,2459000.5,0,C
2380188,2.691101549,0.575773726,9.973303792,251.6210087,249.4395004,131.2048143,2459000.5,1.312,X
2405058,3.577942932,0.598789428,8.132735015,69.4190824,53.36432134,254.9752793,2459000.5,5.6,X
2415690,3.10449213,0.567648239,16.24373738,70.58641632,294.561673,42.31913754,2459000.5,0,X
2446804,1.732967524,0.370791092,19.47828962,58.0603241,43.65698837,337.2481689,2459000.5,0,C
2455213,2.278057963,0.473140199,9.355616135,32.19239723,2.990349482,145.0932038,2459000.5,0,S
2474158,1.078248321,0.132787949,12.02841629,166.0956241,296.9801278,36.72297171,2459000.5,0,S
2516398,1.525420596,0.253004692,18.98724023,56.50534516,194.8329779,29.21877502,2459000.5,0,X
2523804,1.491418287,0.371359192,6.300161481,124.8498779,27.94416889,210.7313817,2459000.5,0,S
2524392,2.019808835,0.754015562,9.178274843,354.742368,21.59788231,169.0918987,2459000.5,0,X
3024682,3.215547562,0.618614137,6.882561957,40.43648007,349.3647839,207.3732289,2459000.5,0,X
3029650,1.164608885,0.137731743,4.459358712,271.6260991,150.3144087,120.2105666,2459000.5,0,S
3034813,2.60102368,0.58681156,17.69655385,129.5833392,351.5025389,308.4687812,2459000.5,0,X
3043880,2.113083927,0.430160742,6.922631505,134.0583563,160.5714758,167.1964151,2459000.5,0,S
3076550,1.431987505,0.298550816,18.27543697,79.41825038,71.77397327,87.13256349,2459000.5,0,S
3065824,1.029892263,0.156627635,20.13596503,74.51792417,214.5730704,10.07467225,2459000.5,0,S
3076783,2.436455857,0.574549869,6.85432046,114.2351055,99.77109918,3.886083176,2459000.5,0,X
3092381,2.357584548,0.52185763,2.526530766,356.6820945,73.50282454,34.47848253,2459000.5,0,X
3092397,2.743003449,0.627221077,30.45115036,28.37403557,23.95861076,356.1210587,2452206.5,0,X
3092504,2.04166931,0.426427187,15.03937211,80.79253013,16.98771096,113.560925,2459000.5,0,X
3102739,2.661363662,0.607511154,11.65673838,325.769665,159.5796296,69.25187656,2459000.5,0,S
3102771,1.176788553,0.247510278,7.611797293,297.6877294,247.1097012,95.72973607,2459000.5,0,X
3102780,2.062619898,0.456102736,2.662667047,118.838168,58.12423396,51.75272556,2459000.5,0,S
3102786,1.832967848,0.444295481,16.21773415,319.6152383,180.5025962,134.5968647,2459000.5,0.84,X
3448992,1.240966839,0.20484785,13.74330014,161.916928,13.91936351,39.79348545,2459000.5,0,S
